Workbook

Sheet 종합
A1: 리기다소나무림 | B1: 잣나무림 a | C1: 버드나무림 a | D1: 밭(대조구) | E1: 주차장(대조구) | F1: 소나무림 | G1: 일본잎갈나무림 a | H1: 버드나무림 b | I1: 일본잎갈나무림 b | J1: 잣나무림 b | K1: 1. 리기다소나무림 측정일시 | L1: 2. 잣나무림 a 측정일시 | M1: 3. 버드나무림 a 측정일시 | N1: 4. 밭(대조구) 측정일시 | O1: 5. 주차장(대조구) 측정일시 | P1: 6. 소나무림 측정일시 | Q1: 7. 일본잎갈나무림 a 측정일시 | R1: 8. 버드나무림 b 측정일시 | S1: 9. 일본잎갈나무림 b 측정일시 | T1: 10. 잣나무림 b 측정일시 | U1: 조사일자
A2: ='1'!D2 -> 934 | B2: ='2'!D2 -> 751 | C2: ='3'!D2 -> 893 | D2: ='4'!D2 -> 843 | E2: ='5'!D2 -> 205 | F2: ='6'!D2 -> 541 | G2: ='7'!D2 -> 510 | H2: ='8'!D2 -> 703 | I2: ='9'!D2 -> 294 | J2: ='10'!D2 -> 396 | K2: ='1'!F2 -> 46127.37 | L2: ='2'!F2 -> 46127.392 | M2: ='3'!F2 -> 46127.41 | N2: ='4'!F2 -> 46127.427 | O2: ='5'!F2 -> 46127.517 | P2: ='6'!F2 -> 46127.54 | Q2: ='7'!F2 -> 46127.564 | R2: ='8'!F2 -> 46127.593 | S2: ='9'!F2 -> 46127.61 | T2: ='10'!F2 -> 46127.61 | U2: ='자료구성'!$B$2 -> 46127
A3: ='1'!D3 -> 930 | B3: ='2'!D3 -> 759 | C3: ='3'!D3 -> 894 | D3: ='4'!D3 -> 815 | E3: ='5'!D3 -> 205 | F3: ='6'!D3 -> 546 | G3: ='7'!D3 -> 523 | H3: ='8'!D3 -> 708 | I3: ='9'!D3 -> 273 | J3: ='10'!D3 -> 370 | K3: ='1'!F3 -> 46127.37 | L3: ='2'!F3 -> 46127.392 | M3: ='3'!F3 -> 46127.41 | N3: ='4'!F3 -> 46127.427 | O3: ='5'!F3 -> 46127.517 | P3: ='6'!F3 -> 46127.54 | Q3: ='7'!F3 -> 46127.564 | R3: ='8'!F3 -> 46127.593 | S3: ='9'!F3 -> 46127.61 | T3: ='10'!F3 -> 46127.61 | U3: ='자료구성'!$B$2 -> 46127
A4: ='1'!D4 -> 932 | B4: ='2'!D4 -> 770 | C4: ='3'!D4 -> 892 | D4: ='4'!D4 -> 804 | E4: ='5'!D4 -> 201 | F4: ='6'!D4 -> 542 | G4: ='7'!D4 -> 527 | H4: ='8'!D4 -> 711 | I4: ='9'!D4 -> 248 | J4: ='10'!D4 -> 333 | K4: ='1'!F4 -> 46127.37 | L4: ='2'!F4 -> 46127.392 | M4: ='3'!F4 -> 46127.41 | N4: ='4'!F4 -> 46127.427 | O4: ='5'!F4 -> 46127.517 | P4: ='6'!F4 -> 46127.54 | Q4: ='7'!F4 -> 46127.564 | R4: ='8'!F4 -> 46127.593 | S4: ='9'!F4 -> 46127.61 | T4: ='10'!F4 -> 46127.61 | U4: ='자료구성'!$B$2 -> 46127
A5: ='1'!D5 -> 947 | B5: ='2'!D5 -> 773 | C5: ='3'!D5 -> 875 | D5: ='4'!D5 -> 806 | E5: ='5'!D5 -> 196 | F5: ='6'!D5 -> 522 | G5: ='7'!D5 -> 519 | H5: ='8'!D5 -> 717 | I5: ='9'!D5 -> 228 | J5: ='10'!D5 -> 321 | K5: ='1'!F5 -> 46127.37 | L5: ='2'!F5 -> 46127.392 | M5: ='3'!F5 -> 46127.41 | N5: ='4'!F5 -> 46127.427 | O5: ='5'!F5 -> 46127.517 | P5: ='6'!F5 -> 46127.54 | Q5: ='7'!F5 -> 46127.564 | R5: ='8'!F5 -> 46127.593 | S5: ='9'!F5 -> 46127.61 | T5: ='10'!F5 -> 46127.61 | U5: ='자료구성'!$B$2 -> 46127
A6: ='1'!D6 -> 974 | B6: ='2'!D6 -> 772 | C6: ='3'!D6 -> 854 | D6: ='4'!D6 -> 825 | E6: ='5'!D6 -> 182 | F6: ='6'!D6 -> 499 | G6: ='7'!D6 -> 493 | H6: ='8'!D6 -> 732 | I6: ='9'!D6 -> 256 | J6: ='10'!D6 -> 310 | K6: ='1'!F6 -> 46127.37 | L6: ='2'!F6 -> 46127.392 | M6: ='3'!F6 -> 46127.41 | N6: ='4'!F6 -> 46127.427 | O6: ='5'!F6 -> 46127.517 | P6: ='6'!F6 -> 46127.54 | Q6: ='7'!F6 -> 46127.564 | R6: ='8'!F6 -> 46127.593 | S6: ='9'!F6 -> 46127.61 | T6: ='10'!F6 -> 46127.61 | U6: ='자료구성'!$B$2 -> 46127
A7: ='1'!D7 -> 966 | B7: ='2'!D7 -> 778 | C7: ='3'!D7 -> 820 | D7: ='4'!D7 -> 823 | E7: ='5'!D7 -> 174 | F7: ='6'!D7 -> 499 | G7: ='7'!D7 -> 462 | H7: ='8'!D7 -> 731 | I7: ='9'!D7 -> 261 | J7: ='10'!D7 -> 295 | K7: ='1'!F7 -> 46127.37 | L7: ='2'!F7 -> 46127.392 | M7: ='3'!F7 -> 46127.41 | N7: ='4'!F7 -> 46127.427 | O7: ='5'!F7 -> 46127.517 | P7: ='6'!F7 -> 46127.54 | Q7: ='7'!F7 -> 46127.565 | R7: ='8'!F7 -> 46127.593 | S7: ='9'!F7 -> 46127.61 | T7: ='10'!F7 -> 46127.61 | U7: ='자료구성'!$B$2 -> 46127
A8: ='1'!D8 -> 954 | B8: ='2'!D8 -> 780 | C8: ='3'!D8 -> 798 | D8: ='4'!D8 -> 796 | E8: ='5'!D8 -> 173 | F8: ='6'!D8 -> 466 | G8: ='7'!D8 -> 426 | H8: ='8'!D8 -> 741 | I8: ='9'!D8 -> 250 | J8: ='10'!D8 -> 274 | K8: ='1'!F8 -> 46127.37 | L8: ='2'!F8 -> 46127.392 | M8: ='3'!F8 -> 46127.41 | N8: ='4'!F8 -> 46127.427 | O8: ='5'!F8 -> 46127.517 | P8: ='6'!F8 -> 46127.54 | Q8: ='7'!F8 -> 46127.565 | R8: ='8'!F8 -> 46127.593 | S8: ='9'!F8 -> 46127.61 | T8: ='10'!F8 -> 46127.61 | U8: ='자료구성'!$B$2 -> 46127
A9: ='1'!D9 -> 957 | B9: ='2'!D9 -> 779 | C9: ='3'!D9 -> 825 | D9: ='4'!D9 -> 801 | E9: ='5'!D9 -> 183 | F9: ='6'!D9 -> 522 | G9: ='7'!D9 -> 382 | H9: ='8'!D9 -> 739 | I9: ='9'!D9 -> 240 | J9: ='10'!D9 -> 267 | K9: ='1'!F9 -> 46127.37 | L9: ='2'!F9 -> 46127.392 | M9: ='3'!F9 -> 46127.41 | N9: ='4'!F9 -> 46127.427 | O9: ='5'!F9 -> 46127.517 | P9: ='6'!F9 -> 46127.54 | Q9: ='7'!F9 -> 46127.565 | R9: ='8'!F9 -> 46127.593 | S9: ='9'!F9 -> 46127.61 | T9: ='10'!F9 -> 46127.61 | U9: ='자료구성'!$B$2 -> 46127
A10: ='1'!D10 -> 963 | B10: ='2'!D10 -> 788 | C10: ='3'!D10 -> 843 | D10: ='4'!D10 -> 821 | E10: ='5'!D10 -> 185 | F10: ='6'!D10 -> 565 | G10: ='7'!D10 -> 363 | H10: ='8'!D10 -> 737 | I10: ='9'!D10 -> 239 | J10: ='10'!D10 -> 259 | K10: ='1'!F10 -> 46127.37 | L10: ='2'!F10 -> 46127.392 | M10: ='3'!F10 -> 46127.41 | N10: ='4'!F10 -> 46127.427 | O10: ='5'!F10 -> 46127.517 | P10: ='6'!F10 -> 46127.54 | Q10: ='7'!F10 -> 46127.565 | R10: ='8'!F10 -> 46127.593 | S10: ='9'!F10 -> 46127.61 | T10: ='10'!F10 -> 46127.61 | U10: ='자료구성'!$B$2 -> 46127
A11: ='1'!D11 -> 938 | B11: ='2'!D11 -> 790 | C11: ='3'!D11 -> 867 | D11: ='4'!D11 -> 821 | E11: ='5'!D11 -> 185 | F11: ='6'!D11 -> 602 | G11: ='7'!D11 -> 331 | H11: ='8'!D11 -> 739 | I11: ='9'!D11 -> 239 | J11: ='10'!D11 -> 259 | K11: ='1'!F11 -> 46127.37 | L11: ='2'!F11 -> 46127.392 | M11: ='3'!F11 -> 46127.41 | N11: ='4'!F11 -> 46127.427 | O11: ='5'!F11 -> 46127.517 | P11: ='6'!F11 -> 46127.54 | Q11: ='7'!F11 -> 46127.565 | R11: ='8'!F11 -> 46127.594 | S11: ='9'!F11 -> 46127.61 | T11: ='10'!F11 -> 46127.61 | U11: ='자료구성'!$B$2 -> 46127
A12: ='1'!D12 -> 938 | B12: ='2'!D12 -> 792 | C12: ='3'!D12 -> 842 | D12: ='4'!D12 -> 805 | E12: ='5'!D12 -> 175 | F12: ='6'!D12 -> 642 | G12: ='7'!D12 -> 307 | H12: ='8'!D12 -> 754 | I12: ='9'!D12 -> 224 | J12: ='10'!D12 -> 251 | K12: ='1'!F12 -> 46127.37 | L12: ='2'!F12 -> 46127.392 | M12: ='3'!F12 -> 46127.41 | N12: ='4'!F12 -> 46127.427 | O12: ='5'!F12 -> 46127.517 | P12: ='6'!F12 -> 46127.54 | Q12: ='7'!F12 -> 46127.565 | R12: ='8'!F12 -> 46127.594 | S12: ='9'!F12 -> 46127.61 | T12: ='10'!F12 -> 46127.61 | U12: ='자료구성'!$B$2 -> 46127
A13: ='1'!D13 -> 934 | B13: ='2'!D13 -> 778 | C13: ='3'!D13 -> 856 | D13: ='4'!D13 -> 808 | E13: ='5'!D13 -> 160 | F13: ='6'!D13 -> 698 | G13: ='7'!D13 -> 322 | H13: ='8'!D13 -> 759 | I13: ='9'!D13 -> 226 | J13: ='10'!D13 -> 241 | K13: ='1'!F13 -> 46127.37 | L13: ='2'!F13 -> 46127.392 | M13: ='3'!F13 -> 46127.41 | N13: ='4'!F13 -> 46127.427 | O13: ='5'!F13 -> 46127.517 | P13: ='6'!F13 -> 46127.54 | Q13: ='7'!F13 -> 46127.565 | R13: ='8'!F13 -> 46127.594 | S13: ='9'!F13 -> 46127.61 | T13: ='10'!F13 -> 46127.61 | U13: ='자료구성'!$B$2 -> 46127
... A901: ='1'!D901 -> 478 | B901: ='2'!D901 -> 557 | C901: ='3'!D901 -> 796 | D901: ='4'!D901 -> 363 | E901: ='5'!D901 -> 202 | F901: ='6'!D901 -> 692 | G901: ='7'!D901 -> 605 | H901: ='8'!D901 -> 454 | I901: ='9'!D901 -> 203 | J901: ='10'!D901 -> 726 | K901: ='1'!F901 -> 46127.38 | L901: ='2'!F901 -> 46127.403 | M901: ='3'!F901 -> 46127.421 | N901: ='4'!F901 -> 46127.438 | O901: ='5'!F901 -> 46127.527 | P901: ='6'!F901 -> 46127.55 | Q901: ='7'!F901 -> 46127.575 | R901: ='8'!F901 -> 46127.604 | S901: ='9'!F901 -> 46127.62 | T901: ='10'!F901 -> 46127.62 | U901: ='자료구성'!$B$2 -> 46127

Sheet 1
A1: 조사일자 | B1: 조사자명 | C1: 조사시작시간 | D1: 음이온발생량 | E1: 비고 | F1: 측정일시
A2: 260415 | B2: 이종훈 | C2: 85217 | D2: 934 | F2: ='자료구성'!$B$2+TIME(INT($C$2/10000),INT(MOD($C$2,10000)/100),MOD($C$2,100))+(ROW()-ROW($C$2))/86400 -> 46127.37
A3: 260415 | B3: 이종훈 | C3: 85217 | D3: 930 | F3: ='자료구성'!$B$2+TIME(INT($C$2/10000),INT(MOD($C$2,10000)/100),MOD($C$2,100))+(ROW()-ROW($C$2))/86400 -> 46127.37
A4: 260415 | B4: 이종훈 | C4: 85217 | D4: 932 | F4: ='자료구성'!$B$2+TIME(INT($C$2/10000),INT(MOD($C$2,10000)/100),MOD($C$2,100))+(ROW()-ROW($C$2))/86400 -> 46127.37
A5: 260415 | B5: 이종훈 | C5: 85217 | D5: 947 | F5: ='자료구성'!$B$2+TIME(INT($C$2/10000),INT(MOD($C$2,10000)/100),MOD($C$2,100))+(ROW()-ROW($C$2))/86400 -> 46127.37
A6: 260415 | B6: 이종훈 | C6: 85217 | D6: 974 | F6: ='자료구성'!$B$2+TIME(INT($C$2/10000),INT(MOD($C$2,10000)/100),MOD($C$2,100))+(ROW()-ROW($C$2))/86400 -> 46127.37
A7: 260415 | B7: 이종훈 | C7: 85217 | D7: 966 | F7: ='자료구성'!$B$2+TIME(INT($C$2/10000),INT(MOD($C$2,10000)/100),MOD($C$2,100))+(ROW()-ROW($C$2))/86400 -> 46127.37
A8: 260415 | B8: 이종훈 | C8: 85217 | D8: 954 | F8: ='자료구성'!$B$2+TIME(INT($C$2/10000),INT(MOD($C$2,10000)/100),MOD($C$2,100))+(ROW()-ROW($C$2))/86400 -> 46127.37
A9: 260415 | B9: 이종훈 | C9: 85217 | D9: 957 | F9: ='자료구성'!$B$2+TIME(INT($C$2/10000),INT(MOD($C$2,10000)/100),MOD($C$2,100))+(ROW()-ROW($C$2))/86400 -> 46127.37
A10: 260415 | B10: 이종훈 | C10: 85217 | D10: 963 | F10: ='자료구성'!$B$2+TIME(INT($C$2/10000),INT(MOD($C$2,10000)/100),MOD($C$2,100))+(ROW()-ROW($C$2))/86400 -> 46127.37
A11: 260415 | B11: 이종훈 | C11: 85217 | D11: 938 | F11: ='자료구성'!$B$2+TIME(INT($C$2/10000),INT(MOD($C$2,10000)/100),MOD($C$2,100))+(ROW()-ROW($C$2))/86400 -> 46127.37
A12: 260415 | B12: 이종훈 | C12: 85217 | D12: 938 | F12: ='자료구성'!$B$2+TIME(INT($C$2/10000),INT(MOD($C$2,10000)/100),MOD($C$2,100))+(ROW()-ROW($C$2))/86400 -> 46127.37
A13: 260415 | B13: 이종훈 | C13: 85217 | D13: 934 | F13: ='자료구성'!$B$2+TIME(INT($C$2/10000),INT(MOD($C$2,10000)/100),MOD($C$2,100))+(ROW()-ROW($C$2))/86400 -> 46127.37
... A901: 260415 | B901: 이종훈 | C901: 85217 | D901: 478 | F901: ='자료구성'!$B$2+TIME(INT($C$2/10000),INT(MOD($C$2,10000)/100),MOD($C$2,100))+(ROW()-ROW($C$2))/86400 -> 46127.38

Sheet 2
A1: 조사일자 | B1: 조사자명 | C1: 조사시작시간 | D1: 음이온발생량 | E1: 비고 | F1: 측정일시
A2: 260415 | B2: 이종훈 | C2: 92450 | D2: 751 | F2: ='자료구성'!$B$2+TIME(INT($C$2/10000),INT(MOD($C$2,10000)/100),MOD($C$2,100))+(ROW()-ROW($C$2))/86400 -> 46127.392
A3: 260415 | B3: 이종훈 | C3: 92450 | D3: 759 | F3: ='자료구성'!$B$2+TIME(INT($C$2/10000),INT(MOD($C$2,10000)/100),MOD($C$2,100))+(ROW()-ROW($C$2))/86400 -> 46127.392
A4: 260415 | B4: 이종훈 | C4: 92450 | D4: 770 | F4: ='자료구성'!$B$2+TIME(INT($C$2/10000),INT(MOD($C$2,10000)/100),MOD($C$2,100))+(ROW()-ROW($C$2))/86400 -> 46127.392
A5: 260415 | B5: 이종훈 | C5: 92450 | D5: 773 | F5: ='자료구성'!$B$2+TIME(INT($C$2/10000),INT(MOD($C$2,10000)/100),MOD($C$2,100))+(ROW()-ROW($C$2))/86400 -> 46127.392
A6: 260415 | B6: 이종훈 | C6: 92450 | D6: 772 | F6: ='자료구성'!$B$2+TIME(INT($C$2/10000),INT(MOD($C$2,10000)/100),MOD($C$2,100))+(ROW()-ROW($C$2))/86400 -> 46127.392
A7: 260415 | B7: 이종훈 | C7: 92450 | D7: 778 | F7: ='자료구성'!$B$2+TIME(INT($C$2/10000),INT(MOD($C$2,10000)/100),MOD($C$2,100))+(ROW()-ROW($C$2))/86400 -> 46127.392
A8: 260415 | B8: 이종훈 | C8: 92450 | D8: 780 | F8: ='자료구성'!$B$2+TIME(INT($C$2/10000),INT(MOD($C$2,10000)/100),MOD($C$2,100))+(ROW()-ROW($C$2))/86400 -> 46127.392
A9: 260415 | B9: 이종훈 | C9: 92450 | D9: 779 | F9: ='자료구성'!$B$2+TIME(INT($C$2/10000),INT(MOD($C$2,10000)/100),MOD($C$2,100))+(ROW()-ROW($C$2))/86400 -> 46127.392
A10: 260415 | B10: 이종훈 | C10: 92450 | D10: 788 | F10: ='자료구성'!$B$2+TIME(INT($C$2/10000),INT(MOD($C$2,10000)/100),MOD($C$2,100))+(ROW()-ROW($C$2))/86400 -> 46127.392
A11: 260415 | B11: 이종훈 | C11: 92450 | D11: 790 | F11: ='자료구성'!$B$2+TIME(INT($C$2/10000),INT(MOD($C$2,10000)/100),MOD($C$2,100))+(ROW()-ROW($C$2))/86400 -> 46127.392
A12: 260415 | B12: 이종훈 | C12: 92450 | D12: 792 | F12: ='자료구성'!$B$2+TIME(INT($C$2/10000),INT(MOD($C$2,10000)/100),MOD($C$2,100))+(ROW()-ROW($C$2))/86400 -> 46127.392
A13: 260415 | B13: 이종훈 | C13: 92450 | D13: 778 | F13: ='자료구성'!$B$2+TIME(INT($C$2/10000),INT(MOD($C$2,10000)/100),MOD($C$2,100))+(ROW()-ROW($C$2))/86400 -> 46127.392
... A901: 260415 | B901: 이종훈 | C901: 92450 | D901: 557 | F901: ='자료구성'!$B$2+TIME(INT($C$2/10000),INT(MOD($C$2,10000)/100),MOD($C$2,100))+(ROW()-ROW($C$2))/86400 -> 46127.403

Sheet 3
A1: 조사일자 | B1: 조사자명 | C1: 조사시작시간 | D1: 음이온발생량 | E1: 비고 | F1: 측정일시
A2: 260415 | B2: 이종훈 | C2: 95047 | D2: 893 | F2: ='자료구성'!$B$2+TIME(INT($C$2/10000),INT(MOD($C$2,10000)/100),MOD($C$2,100))+(ROW()-ROW($C$2))/86400 -> 46127.41
A3: 260415 | B3: 이종훈 | C3: 95047 | D3: 894 | F3: ='자료구성'!$B$2+TIME(INT($C$2/10000),INT(MOD($C$2,10000)/100),MOD($C$2,100))+(ROW()-ROW($C$2))/86400 -> 46127.41
A4: 260415 | B4: 이종훈 | C4: 95047 | D4: 892 | F4: ='자료구성'!$B$2+TIME(INT($C$2/10000),INT(MOD($C$2,10000)/100),MOD($C$2,100))+(ROW()-ROW($C$2))/86400 -> 46127.41
A5: 260415 | B5: 이종훈 | C5: 95047 | D5: 875 | F5: ='자료구성'!$B$2+TIME(INT($C$2/10000),INT(MOD($C$2,10000)/100),MOD($C$2,100))+(ROW()-ROW($C$2))/86400 -> 46127.41
A6: 260415 | B6: 이종훈 | C6: 95047 | D6: 854 | F6: ='자료구성'!$B$2+TIME(INT($C$2/10000),INT(MOD($C$2,10000)/100),MOD($C$2,100))+(ROW()-ROW($C$2))/86400 -> 46127.41
A7: 260415 | B7: 이종훈 | C7: 95047 | D7: 820 | F7: ='자료구성'!$B$2+TIME(INT($C$2/10000),INT(MOD($C$2,10000)/100),MOD($C$2,100))+(ROW()-ROW($C$2))/86400 -> 46127.41
A8: 260415 | B8: 이종훈 | C8: 95047 | D8: 798 | F8: ='자료구성'!$B$2+TIME(INT($C$2/10000),INT(MOD($C$2,10000)/100),MOD($C$2,100))+(ROW()-ROW($C$2))/86400 -> 46127.41
A9: 260415 | B9: 이종훈 | C9: 95047 | D9: 825 | F9: ='자료구성'!$B$2+TIME(INT($C$2/10000),INT(MOD($C$2,10000)/100),MOD($C$2,100))+(ROW()-ROW($C$2))/86400 -> 46127.41
A10: 260415 | B10: 이종훈 | C10: 95047 | D10: 843 | F10: ='자료구성'!$B$2+TIME(INT($C$2/10000),INT(MOD($C$2,10000)/100),MOD($C$2,100))+(ROW()-ROW($C$2))/86400 -> 46127.41
A11: 260415 | B11: 이종훈 | C11: 95047 | D11: 867 | F11: ='자료구성'!$B$2+TIME(INT($C$2/10000),INT(MOD($C$2,10000)/100),MOD($C$2,100))+(ROW()-ROW($C$2))/86400 -> 46127.41
A12: 260415 | B12: 이종훈 | C12: 95047 | D12: 842 | F12: ='자료구성'!$B$2+TIME(INT($C$2/10000),INT(MOD($C$2,10000)/100),MOD($C$2,100))+(ROW()-ROW($C$2))/86400 -> 46127.41
A13: 260415 | B13: 이종훈 | C13: 95047 | D13: 856 | F13: ='자료구성'!$B$2+TIME(INT($C$2/10000),INT(MOD($C$2,10000)/100),MOD($C$2,100))+(ROW()-ROW($C$2))/86400 -> 46127.41
... A901: 260415 | B901: 이종훈 | C901: 95047 | D901: 796 | F901: ='자료구성'!$B$2+TIME(INT($C$2/10000),INT(MOD($C$2,10000)/100),MOD($C$2,100))+(ROW()-ROW($C$2))/86400 -> 46127.421

Sheet 4
A1: 조사일자 | B1: 조사자명 | C1: 조사시작시간 | D1: 음이온발생량 | E1: 비고 | F1: 측정일시
A2: 260415 | B2: 이종훈 | C2: 101520 | D2: 843 | F2: ='자료구성'!$B$2+TIME(INT($C$2/10000),INT(MOD($C$2,10000)/100),MOD($C$2,100))+(ROW()-ROW($C$2))/86400 -> 46127.427
A3: 260415 | B3: 이종훈 | C3: 101520 | D3: 815 | F3: ='자료구성'!$B$2+TIME(INT($C$2/10000),INT(MOD($C$2,10000)/100),MOD($C$2,100))+(ROW()-ROW($C$2))/86400 -> 46127.427
A4: 260415 | B4: 이종훈 | C4: 101520 | D4: 804 | F4: ='자료구성'!$B$2+TIME(INT($C$2/10000),INT(MOD($C$2,10000)/100),MOD($C$2,100))+(ROW()-ROW($C$2))/86400 -> 46127.427
A5: 260415 | B5: 이종훈 | C5: 101520 | D5: 806 | F5: ='자료구성'!$B$2+TIME(INT($C$2/10000),INT(MOD($C$2,10000)/100),MOD($C$2,100))+(ROW()-ROW($C$2))/86400 -> 46127.427
A6: 260415 | B6: 이종훈 | C6: 101520 | D6: 825 | F6: ='자료구성'!$B$2+TIME(INT($C$2/10000),INT(MOD($C$2,10000)/100),MOD($C$2,100))+(ROW()-ROW($C$2))/86400 -> 46127.427
A7: 260415 | B7: 이종훈 | C7: 101520 | D7: 823 | F7: ='자료구성'!$B$2+TIME(INT($C$2/10000),INT(MOD($C$2,10000)/100),MOD($C$2,100))+(ROW()-ROW($C$2))/86400 -> 46127.427
A8: 260415 | B8: 이종훈 | C8: 101520 | D8: 796 | F8: ='자료구성'!$B$2+TIME(INT($C$2/10000),INT(MOD($C$2,10000)/100),MOD($C$2,100))+(ROW()-ROW($C$2))/86400 -> 46127.427
A9: 260415 | B9: 이종훈 | C9: 101520 | D9: 801 | F9: ='자료구성'!$B$2+TIME(INT($C$2/10000),INT(MOD($C$2,10000)/100),MOD($C$2,100))+(ROW()-ROW($C$2))/86400 -> 46127.427
A10: 260415 | B10: 이종훈 | C10: 101520 | D10: 821 | F10: ='자료구성'!$B$2+TIME(INT($C$2/10000),INT(MOD($C$2,10000)/100),MOD($C$2,100))+(ROW()-ROW($C$2))/86400 -> 46127.427
A11: 260415 | B11: 이종훈 | C11: 101520 | D11: 821 | F11: ='자료구성'!$B$2+TIME(INT($C$2/10000),INT(MOD($C$2,10000)/100),MOD($C$2,100))+(ROW()-ROW($C$2))/86400 -> 46127.427
A12: 260415 | B12: 이종훈 | C12: 101520 | D12: 805 | F12: ='자료구성'!$B$2+TIME(INT($C$2/10000),INT(MOD($C$2,10000)/100),MOD($C$2,100))+(ROW()-ROW($C$2))/86400 -> 46127.427
A13: 260415 | B13: 이종훈 | C13: 101520 | D13: 808 | F13: ='자료구성'!$B$2+TIME(INT($C$2/10000),INT(MOD($C$2,10000)/100),MOD($C$2,100))+(ROW()-ROW($C$2))/86400 -> 46127.427
... A901: 260415 | B901: 이종훈 | C901: 101520 | D901: 363 | F901: ='자료구성'!$B$2+TIME(INT($C$2/10000),INT(MOD($C$2,10000)/100),MOD($C$2,100))+(ROW()-ROW($C$2))/86400 -> 46127.438

Sheet 5
A1: 조사일자 | B1: 조사자명 | C1: 조사시작시간 | D1: 음이온발생량 | E1: 비고 | F1: 측정일시
A2: 260415 | B2: 이종훈 | C2: 122406 | D2: 205 | F2: ='자료구성'!$B$2+TIME(INT($C$2/10000),INT(MOD($C$2,10000)/100),MOD($C$2,100))+(ROW()-ROW($C$2))/86400 -> 46127.517
A3: 260415 | B3: 이종훈 | C3: 122406 | D3: 205 | F3: ='자료구성'!$B$2+TIME(INT($C$2/10000),INT(MOD($C$2,10000)/100),MOD($C$2,100))+(ROW()-ROW($C$2))/86400 -> 46127.517
A4: 260415 | B4: 이종훈 | C4: 122406 | D4: 201 | F4: ='자료구성'!$B$2+TIME(INT($C$2/10000),INT(MOD($C$2,10000)/100),MOD($C$2,100))+(ROW()-ROW($C$2))/86400 -> 46127.517
A5: 260415 | B5: 이종훈 | C5: 122406 | D5: 196 | F5: ='자료구성'!$B$2+TIME(INT($C$2/10000),INT(MOD($C$2,10000)/100),MOD($C$2,100))+(ROW()-ROW($C$2))/86400 -> 46127.517
A6: 260415 | B6: 이종훈 | C6: 122406 | D6: 182 | F6: ='자료구성'!$B$2+TIME(INT($C$2/10000),INT(MOD($C$2,10000)/100),MOD($C$2,100))+(ROW()-ROW($C$2))/86400 -> 46127.517
A7: 260415 | B7: 이종훈 | C7: 122406 | D7: 174 | F7: ='자료구성'!$B$2+TIME(INT($C$2/10000),INT(MOD($C$2,10000)/100),MOD($C$2,100))+(ROW()-ROW($C$2))/86400 -> 46127.517
A8: 260415 | B8: 이종훈 | C8: 122406 | D8: 173 | F8: ='자료구성'!$B$2+TIME(INT($C$2/10000),INT(MOD($C$2,10000)/100),MOD($C$2,100))+(ROW()-ROW($C$2))/86400 -> 46127.517
A9: 260415 | B9: 이종훈 | C9: 122406 | D9: 183 | F9: ='자료구성'!$B$2+TIME(INT($C$2/10000),INT(MOD($C$2,10000)/100),MOD($C$2,100))+(ROW()-ROW($C$2))/86400 -> 46127.517
A10: 260415 | B10: 이종훈 | C10: 122406 | D10: 185 | F10: ='자료구성'!$B$2+TIME(INT($C$2/10000),INT(MOD($C$2,10000)/100),MOD($C$2,100))+(ROW()-ROW($C$2))/86400 -> 46127.517
A11: 260415 | B11: 이종훈 | C11: 122406 | D11: 185 | F11: ='자료구성'!$B$2+TIME(INT($C$2/10000),INT(MOD($C$2,10000)/100),MOD($C$2,100))+(ROW()-ROW($C$2))/86400 -> 46127.517
A12: 260415 | B12: 이종훈 | C12: 122406 | D12: 175 | F12: ='자료구성'!$B$2+TIME(INT($C$2/10000),INT(MOD($C$2,10000)/100),MOD($C$2,100))+(ROW()-ROW($C$2))/86400 -> 46127.517
A13: 260415 | B13: 이종훈 | C13: 122406 | D13: 160 | F13: ='자료구성'!$B$2+TIME(INT($C$2/10000),INT(MOD($C$2,10000)/100),MOD($C$2,100))+(ROW()-ROW($C$2))/86400 -> 46127.517
... A901: 260415 | B901: 이종훈 | C901: 122406 | D901: 202 | F901: ='자료구성'!$B$2+TIME(INT($C$2/10000),INT(MOD($C$2,10000)/100),MOD($C$2,100))+(ROW()-ROW($C$2))/86400 -> 46127.527

Sheet 6
A1: 조사일자 | B1: 조사자명 | C1: 조사시작시간 | D1: 음이온발생량 | E1: 비고 | F1: 측정일시
A2: 260415 | B2: 이종훈 | C2: 125655 | D2: 541 | F2: ='자료구성'!$B$2+TIME(INT($C$2/10000),INT(MOD($C$2,10000)/100),MOD($C$2,100))+(ROW()-ROW($C$2))/86400 -> 46127.54
A3: 260415 | B3: 이종훈 | C3: 125655 | D3: 546 | F3: ='자료구성'!$B$2+TIME(INT($C$2/10000),INT(MOD($C$2,10000)/100),MOD($C$2,100))+(ROW()-ROW($C$2))/86400 -> 46127.54
A4: 260415 | B4: 이종훈 | C4: 125655 | D4: 542 | F4: ='자료구성'!$B$2+TIME(INT($C$2/10000),INT(MOD($C$2,10000)/100),MOD($C$2,100))+(ROW()-ROW($C$2))/86400 -> 46127.54
A5: 260415 | B5: 이종훈 | C5: 125655 | D5: 522 | F5: ='자료구성'!$B$2+TIME(INT($C$2/10000),INT(MOD($C$2,10000)/100),MOD($C$2,100))+(ROW()-ROW($C$2))/86400 -> 46127.54
A6: 260415 | B6: 이종훈 | C6: 125655 | D6: 499 | F6: ='자료구성'!$B$2+TIME(INT($C$2/10000),INT(MOD($C$2,10000)/100),MOD($C$2,100))+(ROW()-ROW($C$2))/86400 -> 46127.54
A7: 260415 | B7: 이종훈 | C7: 125655 | D7: 499 | F7: ='자료구성'!$B$2+TIME(INT($C$2/10000),INT(MOD($C$2,10000)/100),MOD($C$2,100))+(ROW()-ROW($C$2))/86400 -> 46127.54
A8: 260415 | B8: 이종훈 | C8: 125655 | D8: 466 | F8: ='자료구성'!$B$2+TIME(INT($C$2/10000),INT(MOD($C$2,10000)/100),MOD($C$2,100))+(ROW()-ROW($C$2))/86400 -> 46127.54
A9: 260415 | B9: 이종훈 | C9: 125655 | D9: 522 | F9: ='자료구성'!$B$2+TIME(INT($C$2/10000),INT(MOD($C$2,10000)/100),MOD($C$2,100))+(ROW()-ROW($C$2))/86400 -> 46127.54
A10: 260415 | B10: 이종훈 | C10: 125655 | D10: 565 | F10: ='자료구성'!$B$2+TIME(INT($C$2/10000),INT(MOD($C$2,10000)/100),MOD($C$2,100))+(ROW()-ROW($C$2))/86400 -> 46127.54
A11: 260415 | B11: 이종훈 | C11: 125655 | D11: 602 | F11: ='자료구성'!$B$2+TIME(INT($C$2/10000),INT(MOD($C$2,10000)/100),MOD($C$2,100))+(ROW()-ROW($C$2))/86400 -> 46127.54
A12: 260415 | B12: 이종훈 | C12: 125655 | D12: 642 | F12: ='자료구성'!$B$2+TIME(INT($C$2/10000),INT(MOD($C$2,10000)/100),MOD($C$2,100))+(ROW()-ROW($C$2))/86400 -> 46127.54
A13: 260415 | B13: 이종훈 | C13: 125655 | D13: 698 | F13: ='자료구성'!$B$2+TIME(INT($C$2/10000),INT(MOD($C$2,10000)/100),MOD($C$2,100))+(ROW()-ROW($C$2))/86400 -> 46127.54
... A901: 260415 | B901: 이종훈 | C901: 125655 | D901: 692 | F901: ='자료구성'!$B$2+TIME(INT($C$2/10000),INT(MOD($C$2,10000)/100),MOD($C$2,100))+(ROW()-ROW($C$2))/86400 -> 46127.55

Sheet 7
A1: 조사일자 | B1: 조사자명 | C1: 조사시작시간 | D1: 음이온발생량 | E1: 비고 | F1: 측정일시
A2: 260415 | B2: 이종훈 | C2: 133248 | D2: 510 | F2: ='자료구성'!$B$2+TIME(INT($C$2/10000),INT(MOD($C$2,10000)/100),MOD($C$2,100))+(ROW()-ROW($C$2))/86400 -> 46127.564
A3: 260415 | B3: 이종훈 | C3: 133248 | D3: 523 | F3: ='자료구성'!$B$2+TIME(INT($C$2/10000),INT(MOD($C$2,10000)/100),MOD($C$2,100))+(ROW()-ROW($C$2))/86400 -> 46127.564
A4: 260415 | B4: 이종훈 | C4: 133248 | D4: 527 | F4: ='자료구성'!$B$2+TIME(INT($C$2/10000),INT(MOD($C$2,10000)/100),MOD($C$2,100))+(ROW()-ROW($C$2))/86400 -> 46127.564
A5: 260415 | B5: 이종훈 | C5: 133248 | D5: 519 | F5: ='자료구성'!$B$2+TIME(INT($C$2/10000),INT(MOD($C$2,10000)/100),MOD($C$2,100))+(ROW()-ROW($C$2))/86400 -> 46127.564
A6: 260415 | B6: 이종훈 | C6: 133248 | D6: 493 | F6: ='자료구성'!$B$2+TIME(INT($C$2/10000),INT(MOD($C$2,10000)/100),MOD($C$2,100))+(ROW()-ROW($C$2))/86400 -> 46127.564
A7: 260415 | B7: 이종훈 | C7: 133248 | D7: 462 | F7: ='자료구성'!$B$2+TIME(INT($C$2/10000),INT(MOD($C$2,10000)/100),MOD($C$2,100))+(ROW()-ROW($C$2))/86400 -> 46127.565
A8: 260415 | B8: 이종훈 | C8: 133248 | D8: 426 | F8: ='자료구성'!$B$2+TIME(INT($C$2/10000),INT(MOD($C$2,10000)/100),MOD($C$2,100))+(ROW()-ROW($C$2))/86400 -> 46127.565
A9: 260415 | B9: 이종훈 | C9: 133248 | D9: 382 | F9: ='자료구성'!$B$2+TIME(INT($C$2/10000),INT(MOD($C$2,10000)/100),MOD($C$2,100))+(ROW()-ROW($C$2))/86400 -> 46127.565
A10: 260415 | B10: 이종훈 | C10: 133248 | D10: 363 | F10: ='자료구성'!$B$2+TIME(INT($C$2/10000),INT(MOD($C$2,10000)/100),MOD($C$2,100))+(ROW()-ROW($C$2))/86400 -> 46127.565
A11: 260415 | B11: 이종훈 | C11: 133248 | D11: 331 | F11: ='자료구성'!$B$2+TIME(INT($C$2/10000),INT(MOD($C$2,10000)/100),MOD($C$2,100))+(ROW()-ROW($C$2))/86400 -> 46127.565
A12: 260415 | B12: 이종훈 | C12: 133248 | D12: 307 | F12: ='자료구성'!$B$2+TIME(INT($C$2/10000),INT(MOD($C$2,10000)/100),MOD($C$2,100))+(ROW()-ROW($C$2))/86400 -> 46127.565
A13: 260415 | B13: 이종훈 | C13: 133248 | D13: 322 | F13: ='자료구성'!$B$2+TIME(INT($C$2/10000),INT(MOD($C$2,10000)/100),MOD($C$2,100))+(ROW()-ROW($C$2))/86400 -> 46127.565
... A901: 260415 | B901: 이종훈 | C901: 133248 | D901: 605 | F901: ='자료구성'!$B$2+TIME(INT($C$2/10000),INT(MOD($C$2,10000)/100),MOD($C$2,100))+(ROW()-ROW($C$2))/86400 -> 46127.575

Sheet 8
A1: 조사일자 | B1: 조사자명 | C1: 조사시작시간 | D1: 음이온발생량 | E1: 비고 | F1: 측정일시
A2: 260415 | B2: 이종훈 | C2: 141430 | D2: 703 | F2: ='자료구성'!$B$2+TIME(INT($C$2/10000),INT(MOD($C$2,10000)/100),MOD($C$2,100))+(ROW()-ROW($C$2))/86400 -> 46127.593
A3: 260415 | B3: 이종훈 | C3: 141430 | D3: 708 | F3: ='자료구성'!$B$2+TIME(INT($C$2/10000),INT(MOD($C$2,10000)/100),MOD($C$2,100))+(ROW()-ROW($C$2))/86400 -> 46127.593
A4: 260415 | B4: 이종훈 | C4: 141430 | D4: 711 | F4: ='자료구성'!$B$2+TIME(INT($C$2/10000),INT(MOD($C$2,10000)/100),MOD($C$2,100))+(ROW()-ROW($C$2))/86400 -> 46127.593
A5: 260415 | B5: 이종훈 | C5: 141430 | D5: 717 | F5: ='자료구성'!$B$2+TIME(INT($C$2/10000),INT(MOD($C$2,10000)/100),MOD($C$2,100))+(ROW()-ROW($C$2))/86400 -> 46127.593
A6: 260415 | B6: 이종훈 | C6: 141430 | D6: 732 | F6: ='자료구성'!$B$2+TIME(INT($C$2/10000),INT(MOD($C$2,10000)/100),MOD($C$2,100))+(ROW()-ROW($C$2))/86400 -> 46127.593
A7: 260415 | B7: 이종훈 | C7: 141430 | D7: 731 | F7: ='자료구성'!$B$2+TIME(INT($C$2/10000),INT(MOD($C$2,10000)/100),MOD($C$2,100))+(ROW()-ROW($C$2))/86400 -> 46127.593
A8: 260415 | B8: 이종훈 | C8: 141430 | D8: 741 | F8: ='자료구성'!$B$2+TIME(INT($C$2/10000),INT(MOD($C$2,10000)/100),MOD($C$2,100))+(ROW()-ROW($C$2))/86400 -> 46127.593
A9: 260415 | B9: 이종훈 | C9: 141430 | D9: 739 | F9: ='자료구성'!$B$2+TIME(INT($C$2/10000),INT(MOD($C$2,10000)/100),MOD($C$2,100))+(ROW()-ROW($C$2))/86400 -> 46127.593
A10: 260415 | B10: 이종훈 | C10: 141430 | D10: 737 | F10: ='자료구성'!$B$2+TIME(INT($C$2/10000),INT(MOD($C$2,10000)/100),MOD($C$2,100))+(ROW()-ROW($C$2))/86400 -> 46127.593
A11: 260415 | B11: 이종훈 | C11: 141430 | D11: 739 | F11: ='자료구성'!$B$2+TIME(INT($C$2/10000),INT(MOD($C$2,10000)/100),MOD($C$2,100))+(ROW()-ROW($C$2))/86400 -> 46127.594
A12: 260415 | B12: 이종훈 | C12: 141430 | D12: 754 | F12: ='자료구성'!$B$2+TIME(INT($C$2/10000),INT(MOD($C$2,10000)/100),MOD($C$2,100))+(ROW()-ROW($C$2))/86400 -> 46127.594
A13: 260415 | B13: 이종훈 | C13: 141430 | D13: 759 | F13: ='자료구성'!$B$2+TIME(INT($C$2/10000),INT(MOD($C$2,10000)/100),MOD($C$2,100))+(ROW()-ROW($C$2))/86400 -> 46127.594
... A901: 260415 | B901: 이종훈 | C901: 141430 | D901: 454 | F901: ='자료구성'!$B$2+TIME(INT($C$2/10000),INT(MOD($C$2,10000)/100),MOD($C$2,100))+(ROW()-ROW($C$2))/86400 -> 46127.604

Sheet 9
A1: 조사일자 | B1: 조사자명 | C1: 조사시작시간 | D1: 음이온발생량 | E1: 비고 | F1: 측정일시
A2: 260415 | B2: 이종훈 | C2: 143759 | D2: 294 | F2: ='자료구성'!$B$2+TIME(INT($C$2/10000),INT(MOD($C$2,10000)/100),MOD($C$2,100))+(ROW()-ROW($C$2))/86400 -> 46127.61
A3: 260415 | B3: 이종훈 | C3: 143759 | D3: 273 | F3: ='자료구성'!$B$2+TIME(INT($C$2/10000),INT(MOD($C$2,10000)/100),MOD($C$2,100))+(ROW()-ROW($C$2))/86400 -> 46127.61
A4: 260415 | B4: 이종훈 | C4: 143759 | D4: 248 | F4: ='자료구성'!$B$2+TIME(INT($C$2/10000),INT(MOD($C$2,10000)/100),MOD($C$2,100))+(ROW()-ROW($C$2))/86400 -> 46127.61
A5: 260415 | B5: 이종훈 | C5: 143759 | D5: 228 | F5: ='자료구성'!$B$2+TIME(INT($C$2/10000),INT(MOD($C$2,10000)/100),MOD($C$2,100))+(ROW()-ROW($C$2))/86400 -> 46127.61
A6: 260415 | B6: 이종훈 | C6: 143759 | D6: 256 | F6: ='자료구성'!$B$2+TIME(INT($C$2/10000),INT(MOD($C$2,10000)/100),MOD($C$2,100))+(ROW()-ROW($C$2))/86400 -> 46127.61
A7: 260415 | B7: 이종훈 | C7: 143759 | D7: 261 | F7: ='자료구성'!$B$2+TIME(INT($C$2/10000),INT(MOD($C$2,10000)/100),MOD($C$2,100))+(ROW()-ROW($C$2))/86400 -> 46127.61
A8: 260415 | B8: 이종훈 | C8: 143759 | D8: 250 | F8: ='자료구성'!$B$2+TIME(INT($C$2/10000),INT(MOD($C$2,10000)/100),MOD($C$2,100))+(ROW()-ROW($C$2))/86400 -> 46127.61
A9: 260415 | B9: 이종훈 | C9: 143759 | D9: 240 | F9: ='자료구성'!$B$2+TIME(INT($C$2/10000),INT(MOD($C$2,10000)/100),MOD($C$2,100))+(ROW()-ROW($C$2))/86400 -> 46127.61
A10: 260415 | B10: 이종훈 | C10: 143759 | D10: 239 | F10: ='자료구성'!$B$2+TIME(INT($C$2/10000),INT(MOD($C$2,10000)/100),MOD($C$2,100))+(ROW()-ROW($C$2))/86400 -> 46127.61
A11: 260415 | B11: 이종훈 | C11: 143759 | D11: 239 | F11: ='자료구성'!$B$2+TIME(INT($C$2/10000),INT(MOD($C$2,10000)/100),MOD($C$2,100))+(ROW()-ROW($C$2))/86400 -> 46127.61
A12: 260415 | B12: 이종훈 | C12: 143759 | D12: 224 | F12: ='자료구성'!$B$2+TIME(INT($C$2/10000),INT(MOD($C$2,10000)/100),MOD($C$2,100))+(ROW()-ROW($C$2))/86400 -> 46127.61
A13: 260415 | B13: 이종훈 | C13: 143759 | D13: 226 | F13: ='자료구성'!$B$2+TIME(INT($C$2/10000),INT(MOD($C$2,10000)/100),MOD($C$2,100))+(ROW()-ROW($C$2))/86400 -> 46127.61
... A901: 260415 | B901: 이종훈 | C901: 143759 | D901: 203 | F901: ='자료구성'!$B$2+TIME(INT($C$2/10000),INT(MOD($C$2,10000)/100),MOD($C$2,100))+(ROW()-ROW($C$2))/86400 -> 46127.62

Sheet 10
A1: 조사일자 | B1: 조사자명 | C1: 조사시작시간 | D1: 음이온발생량 | E1: 비고 | F1: 측정일시
A2: 260415 | B2: 이종훈 | C2: 143759 | D2: 396 | F2: ='자료구성'!$B$2+TIME(INT($C$2/10000),INT(MOD($C$2,10000)/100),MOD($C$2,100))+(ROW()-ROW($C$2))/86400 -> 46127.61
A3: 260415 | B3: 이종훈 | C3: 143759 | D3: 370 | F3: ='자료구성'!$B$2+TIME(INT($C$2/10000),INT(MOD($C$2,10000)/100),MOD($C$2,100))+(ROW()-ROW($C$2))/86400 -> 46127.61
A4: 260415 | B4: 이종훈 | C4: 143759 | D4: 333 | F4: ='자료구성'!$B$2+TIME(INT($C$2/10000),INT(MOD($C$2,10000)/100),MOD($C$2,100))+(ROW()-ROW($C$2))/86400 -> 46127.61
A5: 260415 | B5: 이종훈 | C5: 143759 | D5: 321 | F5: ='자료구성'!$B$2+TIME(INT($C$2/10000),INT(MOD($C$2,10000)/100),MOD($C$2,100))+(ROW()-ROW($C$2))/86400 -> 46127.61
A6: 260415 | B6: 이종훈 | C6: 143759 | D6: 310 | F6: ='자료구성'!$B$2+TIME(INT($C$2/10000),INT(MOD($C$2,10000)/100),MOD($C$2,100))+(ROW()-ROW($C$2))/86400 -> 46127.61
A7: 260415 | B7: 이종훈 | C7: 143759 | D7: 295 | F7: ='자료구성'!$B$2+TIME(INT($C$2/10000),INT(MOD($C$2,10000)/100),MOD($C$2,100))+(ROW()-ROW($C$2))/86400 -> 46127.61
A8: 260415 | B8: 이종훈 | C8: 143759 | D8: 274 | F8: ='자료구성'!$B$2+TIME(INT($C$2/10000),INT(MOD($C$2,10000)/100),MOD($C$2,100))+(ROW()-ROW($C$2))/86400 -> 46127.61
A9: 260415 | B9: 이종훈 | C9: 143759 | D9: 267 | F9: ='자료구성'!$B$2+TIME(INT($C$2/10000),INT(MOD($C$2,10000)/100),MOD($C$2,100))+(ROW()-ROW($C$2))/86400 -> 46127.61
A10: 260415 | B10: 이종훈 | C10: 143759 | D10: 259 | F10: ='자료구성'!$B$2+TIME(INT($C$2/10000),INT(MOD($C$2,10000)/100),MOD($C$2,100))+(ROW()-ROW($C$2))/86400 -> 46127.61
A11: 260415 | B11: 이종훈 | C11: 143759 | D11: 259 | F11: ='자료구성'!$B$2+TIME(INT($C$2/10000),INT(MOD($C$2,10000)/100),MOD($C$2,100))+(ROW()-ROW($C$2))/86400 -> 46127.61
A12: 260415 | B12: 이종훈 | C12: 143759 | D12: 251 | F12: ='자료구성'!$B$2+TIME(INT($C$2/10000),INT(MOD($C$2,10000)/100),MOD($C$2,100))+(ROW()-ROW($C$2))/86400 -> 46127.61
A13: 260415 | B13: 이종훈 | C13: 143759 | D13: 241 | F13: ='자료구성'!$B$2+TIME(INT($C$2/10000),INT(MOD($C$2,10000)/100),MOD($C$2,100))+(ROW()-ROW($C$2))/86400 -> 46127.61
... A901: 260415 | B901: 이종훈 | C901: 143759 | D901: 726 | F901: ='자료구성'!$B$2+TIME(INT($C$2/10000),INT(MOD($C$2,10000)/100),MOD($C$2,100))+(ROW()-ROW($C$2))/86400 -> 46127.62

Sheet 자료구성
A1: 항목 | B1: 내용
A2: 적용 조사일자 | B2: 46127
A3: 원본 파일 | B3: 음이온_260415.xlsx
A4: 종합 구조 | B4: A~J열: 지점 1~10 발생량, K~T열: 대응 지점 측정일시, U열: 조사일자. 같은 행은 동시 측정이 아닌 측정 순서.
A5: 일시 복원 | B5: 적용 조사일자 + 원본 조사시작시간 + 경과초(0~899). 1초당 1개 측정. 원본 A~E열은 보존.
A6: 지점명 기준 | B6: 8월 13일 종합 시트의 지점번호-명칭 대응. 4월 파일에는 명칭이 없어 동일 번호를 기준으로 적용.
A7: 기록 보존 | B7: 숫자가 아닌 표기도 삭제·보간하지 않고 그대로 옮김. 날짜별 비교나 시간대 보정은 이번 작업에 포함하지 않음.
A8: 시작시각 확인 | B8: 9·10번 시트의 시작시각은 모두 14:37:59. 별도 수정 시각이 없어 원본 값을 그대로 적용. 동일 시각의 정확성은 미확인.
A10: 지점 | B10: 조사지점 | C10: 원본 조사일자 | D10: 원본 시작시간 | E10: 자료 행 수 | F10: 숫자 개수 | G10: 비수치 개수 | H10: 첫 측정일시 | I10: 마지막 측정일시
A11: 1 | B11: 리기다소나무림 | C11: 260415 | D11: 85217 | E11: 900 | F11: 900 | G11: 0 | H11: ='1'!F2 -> 46127.37 | I11: ='1'!F901 -> 46127.38
A12: 2 | B12: 잣나무림 a | C12: 260415 | D12: 92450 | E12: 900 | F12: 900 | G12: 0 | H12: ='2'!F2 -> 46127.392 | I12: ='2'!F901 -> 46127.403
A13: 3 | B13: 버드나무림 a | C13: 260415 | D13: 95047 | E13: 900 | F13: 900 | G13: 0 | H13: ='3'!F2 -> 46127.41 | I13: ='3'!F901 -> 46127.421
A14: 4 | B14: 밭(대조구) | C14: 260415 | D14: 101520 | E14: 900 | F14: 900 | G14: 0 | H14: ='4'!F2 -> 46127.427 | I14: ='4'!F901 -> 46127.438
A15: 5 | B15: 주차장(대조구) | C15: 260415 | D15: 122406 | E15: 900 | F15: 900 | G15: 0 | H15: ='5'!F2 -> 46127.517 | I15: ='5'!F901 -> 46127.527
A16: 6 | B16: 소나무림 | C16: 260415 | D16: 125655 | E16: 900 | F16: 900 | G16: 0 | H16: ='6'!F2 -> 46127.54 | I16: ='6'!F901 -> 46127.55
A17: 7 | B17: 일본잎갈나무림 a | C17: 260415 | D17: 133248 | E17: 900 | F17: 900 | G17: 0 | H17: ='7'!F2 -> 46127.564 | I17: ='7'!F901 -> 46127.575
A18: 8 | B18: 버드나무림 b | C18: 260415 | D18: 141430 | E18: 900 | F18: 900 | G18: 0 | H18: ='8'!F2 -> 46127.593 | I18: ='8'!F901 -> 46127.604
A19: 9 | B19: 일본잎갈나무림 b | C19: 260415 | D19: 143759 | E19: 900 | F19: 900 | G19: 0 | H19: ='9'!F2 -> 46127.61 | I19: ='9'!F901 -> 46127.62
A20: 10 | B20: 잣나무림 b | C20: 260415 | D20: 143759 | E20: 900 | F20: 900 | G20: 0 | H20: ='10'!F2 -> 46127.61 | I20: ='10'!F901 -> 46127.62
